INSERT INTO warehouse VALUES(100000, '457 East Ave. Northbrook IL 60062');
INSERT INTO publisher VALUES(10000, 'Pottermore Publishing', '7175 Arlington Street', 'PottermorePublishing.7175@gmail.com', '51212142');
INSERT INTO publisher VALUES(10001, 'Scholastic Inc.', '8424 Ridge Court', 'ScholasticInc..8424@yahoo.com', '96584023');
INSERT INTO publisher VALUES(10002, 'Anchor Canada', '94 Berkshire Street', 'AnchorCanada.94@outlook.com', '70962968');
INSERT INTO publisher VALUES(10003, 'Knopf Books for Young Readers', 'Owen Sound ON N4K 2X1', 'KnopfBooksforYoungReaders.Owen@outlook.com', '42297843');
INSERT INTO publisher VALUES(10004, 'Little, Brown', 'Bouctouche NB E4S 9N1', 'Little,Brown.Bouctouche@gmail.com', '13085925');
INSERT INTO publisher VALUES(10005, 'Penguin', 'Elliot Lake ON P5A 8S0', 'Penguin.Elliot@yahoo.com', '37031165');
INSERT INTO publisher VALUES(10006, 'Penguin Canada', 'Similkameen BC V0X 9K2', 'PenguinCanada.Similkameen@gmail.com', '71030147');
INSERT INTO publisher VALUES(10007, 'Vintage Canada', 'Centreville NB E7K 2H2', 'VintageCanada.Centreville@outlook.com', '28547264');
INSERT INTO publisher VALUES(10008, 'Night Bookmobile Editions', 'Bridgewater NS B4V 8Y3', 'NightBookmobileEditions.Bridgewater@gmail.com', '77118699');
INSERT INTO publisher VALUES(10009, 'Delacorte Press', '9714 Orchard Lane', 'DelacortePress.9714@outlook.com', '97292032');
INSERT INTO publisher VALUES(10010, 'Vintage', '763 Glendale Ave.', 'Vintage.763@yahoo.com', '20860531');
INSERT INTO publisher VALUES(10011, 'A&C Black', 'Etobicoke ON M8V 9P6', 'A&CBlack.Etobicoke@gmail.com', '79319914');
INSERT INTO publisher VALUES(10012, 'HarperCollins Canada', '209 West Circle St.', 'HarperCollinsCanada.209@outlook.com', '10538355');
INSERT INTO publisher VALUES(10013, 'Bloomsbury Publishing', 'Bridgewater NS B4V 8Y3', 'BloomsburyPublishing.Bridgewater@gmail.com', '55260011');
INSERT INTO publisher VALUES(10014, 'Harper Collins', '97 Academy Road', 'HarperCollins.97@yahoo.com', '58646500');
INSERT INTO inst_phone VALUES(10000, '281-465-4410');
INSERT INTO inst_phone VALUES(10001, '652-611-5854');
INSERT INTO inst_phone VALUES(10002, '559-410-8314');
INSERT INTO inst_phone VALUES(10003, '113-290-4835');
INSERT INTO inst_phone VALUES(10004, '623-983-4896');
INSERT INTO inst_phone VALUES(10005, '137-911-2147');
INSERT INTO inst_phone VALUES(10006, '713-828-7749');
INSERT INTO inst_phone VALUES(10007, '556-437-3183');
INSERT INTO inst_phone VALUES(10008, '592-357-8440');
INSERT INTO inst_phone VALUES(10009, '568-940-5382');
INSERT INTO inst_phone VALUES(10010, '241-579-9916');
INSERT INTO inst_phone VALUES(10011, '902-253-2330');
INSERT INTO inst_phone VALUES(10012, '609-422-1284');
INSERT INTO inst_phone VALUES(10013, '496-559-3508');
INSERT INTO inst_phone VALUES(10014, '742-379-5533');
INSERT INTO author VALUES(50000, 'J.K. Rowling');
INSERT INTO author VALUES(50001, 'Suzanne Collins');
INSERT INTO author VALUES(50002, 'Khaled Hosseini');
INSERT INTO author VALUES(50003, 'Markus Zusak');
INSERT INTO author VALUES(50004, 'J. K. Rowling');
INSERT INTO author VALUES(50005, 'Kathryn Stockett');
INSERT INTO author VALUES(50006, 'Yann Martel');
INSERT INTO author VALUES(50007, 'Stieg Larsson');
INSERT INTO author VALUES(50008, 'Audrey Niffenegger');
INSERT INTO author VALUES(50009, 'John Green');
INSERT INTO author VALUES(50010, 'Dan Brown');
INSERT INTO author VALUES(50011, 'Cormac McCarthy');
INSERT INTO author VALUES(50012, 'Mark Haddon');
INSERT INTO author VALUES(50013, 'Simon Stephens');
INSERT INTO author VALUES(50014, 'Sara Gruen');
INSERT INTO author VALUES(50015, 'Jeffrey Eugenides');
INSERT INTO author VALUES(50016, 'Alice Sebold');
INSERT INTO author VALUES(50017, 'Veronica Roth');
INSERT INTO book VALUES('9781781100264', 'Harry Potter and the Deathly Hallows (Harry Potter, #7)', 2015, 'Fiction', 784, 10.99, 0.01, 'http://books.google.com/books/content?id=gCtazG4ZXlQC&printsec=frontcover&img=1&zoom=1&edge=curl&source=gbs_api', 34, 100000, 10000, true);
INSERT INTO book VALUES('9780545229937', 'The Hunger Games (The Hunger Games, #1)', 2009, 'Young Adult Fiction', 384, 13.99, 0.02666666666666667, 'http://books.google.com/books/content?id=Yz8Fnw0PlEQC&printsec=frontcover&img=1&zoom=1&edge=curl&source=gbs_api', 43, 100000, 10001, true);
INSERT INTO book VALUES('9780307371553', 'The Kite Runner', 2009, 'Fiction', 400, 12.99, 0.01, 'http://books.google.com/books/content?id=dS-VxlwauxwC&printsec=frontcover&img=1&zoom=1&edge=curl&source=gbs_api', 29, 100000, 10002, true);
INSERT INTO book VALUES('9780307433848', 'The Book Thief', 2007, 'Young Adult Fiction', 592, 10.99, 0.01, 'http://books.google.com/books/content?id=veGXULZK6UAC&printsec=frontcover&img=1&zoom=1&edge=curl&source=gbs_api', 29, 100000, 10003, true);
INSERT INTO book VALUES('9780316369145', 'Harry Potter and the Half-Blood Prince (Harry Potter, #6)', 2015, 'Self-Help', 320, 11.99, 0.01, 'http://books.google.com/books/content?id=mlGlBQAAQBAJ&printsec=frontcover&img=1&zoom=1&edge=curl&source=gbs_api', 48, 100000, 10004, true);
INSERT INTO book VALUES('2248100356', 'Harry Potter and the Order of the Phoenix (Harry Potter, #5)', 2015, 'Fiction', 784, 10.99, 0.01, 'http://books.google.com/books/content?id=gCtazG4ZXlQC&printsec=frontcover&img=1&zoom=1&edge=curl&source=gbs_api', 40, 100000, 10000, true);
INSERT INTO book VALUES('9781440697661', 'The Help', 2009, 'Fiction', 544, 13.99, 0.01, 'http://books.google.com/books/content?id=5-KerGE_DV0C&printsec=frontcover&img=1&zoom=1&edge=curl&source=gbs_api', 45, 100000, 10005, true);
INSERT INTO book VALUES('9780143180654', 'A Thousand Splendid Suns', 2008, 'Fiction', 400, 13.99, 0.01, 'http://books.google.com/books/content?id=tYOr9n21B7oC&printsec=frontcover&img=1&zoom=1&edge=curl&source=gbs_api', 43, 100000, 10006, true);
INSERT INTO book VALUES('9780307371126', 'Life of Pi', 2009, 'Fiction', 480, 11.99, 0.01, 'http://books.google.com/books/content?id=s2o4_bOTrVEC&printsec=frontcover&img=1&zoom=1&edge=curl&source=gbs_api', 19, 100000, 10007, true);
INSERT INTO book VALUES('9780545227247', 'Catching Fire (The Hunger Games, #2)', 2010, 'Juvenile Fiction', 400, 13.99, 0.02666666666666667, 'http://books.google.com/books/content?id=FN5wMOZKTYMC&printsec=frontcover&img=1&zoom=1&edge=curl&source=gbs_api', 39, 100000, 10001, true);
INSERT INTO book VALUES('9780143177289', 'The Girl with the Dragon Tattoo (Millennium, #1)', 2010, 'Fiction', 480, 11.99, 0.01, 'http://books.google.com/books/content?id=qYcJVplnx5cC&printsec=frontcover&img=1&zoom=1&edge=curl&source=gbs_api', 32, 100000, 10006, true);
INSERT INTO book VALUES('9780578889412', 'The Time Traveler''s Wife', 2021, 'Fiction', 424, 11.2, 0.01, 'http://books.google.com/books/content?id=iaMsEAAAQBAJ&printsec=frontcover&img=1&zoom=1&edge=curl&source=gbs_api', 17, 100000, 10008, true);
INSERT INTO book VALUES('9781101569184', 'The Fault in Our Stars', 2012, 'Young Adult Fiction', 336, 10.99, 0.01, 'http://books.google.com/books/content?id=UzqVUdEtLDwC&printsec=frontcover&img=1&zoom=1&edge=curl&source=gbs_api', 47, 100000, 10005, true);
INSERT INTO book VALUES('9781524715847', 'The Da Vinci Code (Robert Langdon, #2)', 2016, 'Young Adult Fiction', 416, 12.99, 0.01, 'http://books.google.com/books/content?id=TB0ZDAAAQBAJ&printsec=frontcover&img=1&zoom=1&edge=curl&source=gbs_api', 11, 100000, 10009, true);
INSERT INTO book VALUES('9780307267450', 'The Road', 2007, 'Fiction', 256, 13.99, 0.01, 'http://books.google.com/books/content?id=PfmjWho_zOAC&printsec=frontcover&img=1&zoom=1&edge=curl&source=gbs_api', 10, 100000, 10010, true);
INSERT INTO book VALUES('9781408183540', 'The Curious Incident of the Dog in the Night-Time', 2013, 'Drama', 144, 21.55, 0.05746666666666667, 'http://books.google.com/books/content?id=DjcQAgAAQBAJ&printsec=frontcover&img=1&zoom=1&edge=curl&source=gbs_api', 13, 100000, 10011, true);
INSERT INTO book VALUES('9781443406437', 'Water for Elephants', 2010, 'Fiction', 352, 11.99, 0.01, 'http://books.google.com/books/content?id=ivy5vSHXmQUC&printsec=frontcover&img=1&zoom=1&edge=curl&source=gbs_api', 15, 100000, 10012, true);
INSERT INTO book VALUES('0545317800', 'Mockingjay (The Hunger Games, #3)', 2010, 'Juvenile Fiction', 400, 13.99, 0.02666666666666667, 'http://books.google.com/books/content?id=Iw_gHtk4ghYC&printsec=frontcover&img=1&zoom=1&edge=curl&source=gbs_api', 21, 100000, 10001, false);
INSERT INTO book VALUES('9780307401946', 'Middlesex', 2011, 'Fiction', 544, 11.99, 0.01, 'http://books.google.com/books/content?id=rUHHbYhlIxYC&printsec=frontcover&img=1&zoom=1&edge=curl&source=gbs_api', 29, 100000, 10007, false);
INSERT INTO book VALUES('9781786826701', 'The Lovely Bones', 2018, 'Fiction', 176, 17.95, 0.05306666666666666, 'http://books.google.com/books/content?id=w6H8DwAAQBAJ&printsec=frontcover&img=1&zoom=1&edge=curl&source=gbs_api', 34, 100000, 10013, true);
INSERT INTO book VALUES('9780062077011', 'Divergent (Divergent, #1)', 2011, 'Young Adult Fiction', 576, 11.99, 0.01, 'http://books.google.com/books/content?id=nv9lZM_0RI4C&printsec=frontcover&img=1&zoom=1&edge=curl&source=gbs_api', 27, 100000, 10014, true);
INSERT INTO written_by VALUES('9781781100264', 50000);
INSERT INTO written_by VALUES('9780545229937', 50001);
INSERT INTO written_by VALUES('9780307371553', 50002);
INSERT INTO written_by VALUES('9780307433848', 50003);
INSERT INTO written_by VALUES('9780316369145', 50004);
INSERT INTO written_by VALUES('2248100356', 50000);
INSERT INTO written_by VALUES('9781440697661', 50005);
INSERT INTO written_by VALUES('9780143180654', 50002);
INSERT INTO written_by VALUES('9780307371126', 50006);
INSERT INTO written_by VALUES('9780545227247', 50001);
INSERT INTO written_by VALUES('9780143177289', 50007);
INSERT INTO written_by VALUES('9780578889412', 50008);
INSERT INTO written_by VALUES('9781101569184', 50009);
INSERT INTO written_by VALUES('9781524715847', 50010);
INSERT INTO written_by VALUES('9780307267450', 50011);
INSERT INTO written_by VALUES('9781408183540', 50012);
INSERT INTO written_by VALUES('9781408183540', 50013);
INSERT INTO written_by VALUES('9781443406437', 50014);
INSERT INTO written_by VALUES('0545317800', 50001);
INSERT INTO written_by VALUES('9780307401946', 50015);
INSERT INTO written_by VALUES('9781786826701', 50016);
INSERT INTO written_by VALUES('9780062077011', 50017);
INSERT INTO cart VALUES(1);
INSERT INTO users VALUES(1, 1, 'esulu', 'pass', 'Eren Sulutas', 'eren@email.com', '123 Alexandria Way', false);

-- FOR ALL AUTOINCREMENTS/GENERATED BY DEFAULT AS IDENTITY
-- If you insert directly into the table and do NOT use the default key
-- Then the next default value is incorrect and must be set again for the next default primary key
-- By doing this, we sync back the default key
SELECT SETVAL((SELECT PG_GET_SERIAL_SEQUENCE('"cart"', 'cart_id')), (SELECT (MAX("cart_id") + 1) FROM "cart"), FALSE);
SELECT SETVAL((SELECT PG_GET_SERIAL_SEQUENCE('"users"', 'user_id')), (SELECT (MAX("user_id") + 1) FROM "users"), FALSE);
SELECT SETVAL((SELECT PG_GET_SERIAL_SEQUENCE('"orders"', 'order_id')), (SELECT (MAX("order_id") + 1) FROM "orders"), FALSE);
SELECT SETVAL((SELECT PG_GET_SERIAL_SEQUENCE('"shipping"', 'shipping_id')), (SELECT (MAX("shipping_id") + 1) FROM "shipping"), FALSE);
SELECT SETVAL((SELECT PG_GET_SERIAL_SEQUENCE('"publisher"', 'publisher_id')), (SELECT (MAX("publisher_id") + 1) FROM "publisher"), FALSE);