---- Generated by scripts/createDDL.py

INSERT INTO warehouse VALUES(100000, '457 East Ave. Northbrook IL 60062');
INSERT INTO publisher VALUES(10000, 'Pottermore Publishing', '897 Lafayette Road', 'PottermorePublishing.897@outlook.com', '87352552');
INSERT INTO publisher VALUES(10001, 'Scholastic Inc.', 'Etobicoke ON M8V 9P6', 'ScholasticInc..Etobicoke@gmail.com', '98507639');
INSERT INTO publisher VALUES(10002, 'Anchor Canada', '9714 Orchard Lane', 'AnchorCanada.9714@yahoo.com', '12071156');
INSERT INTO publisher VALUES(10003, 'Knopf Books for Young Readers', '7175 Arlington Street', 'KnopfBooksforYoungReaders.7175@gmail.com', '17407780');
INSERT INTO publisher VALUES(10004, 'Little, Brown', 'Centreville NB E7K 2H2', 'Little,Brown.Centreville@outlook.com', '68517797');
INSERT INTO publisher VALUES(10005, 'Penguin', '762 Winchester St.', 'Penguin.762@gmail.com', '81308742');
INSERT INTO publisher VALUES(10006, 'Penguin Canada', '51 Devon St.', 'PenguinCanada.51@yahoo.com', '66751583');
INSERT INTO publisher VALUES(10007, 'Vintage Canada', 'Bridgewater NS B4V 8Y3', 'VintageCanada.Bridgewater@yahoo.com', '51237888');
INSERT INTO publisher VALUES(10008, 'Night Bookmobile Editions', '51 Devon St.', 'NightBookmobileEditions.51@gmail.com', '42559238');
INSERT INTO publisher VALUES(10009, 'Anchor', 'Gananoque ON K7G 7Y5', 'Anchor.Gananoque@yahoo.com', '64049089');
INSERT INTO publisher VALUES(10010, 'Vintage', 'Montmagny QC G5V 0K4', 'Vintage.Montmagny@gmail.com', '78816743');
INSERT INTO publisher VALUES(10011, 'A&C Black', 'Bradford ON L3Z 4T8', 'A&CBlack.Bradford@yahoo.com', '82552726');
INSERT INTO publisher VALUES(10012, 'HarperCollins Canada', 'Montmagny QC G5V 0K4', 'HarperCollinsCanada.Montmagny@yahoo.com', '28022384');
INSERT INTO publisher VALUES(10013, 'Bloomsbury Publishing', '868 Poor House Street', 'BloomsburyPublishing.868@yahoo.com', '65432444');
INSERT INTO publisher VALUES(10014, 'Little, Brown Books for Young Readers', 'Bridgewater NS B4V 8Y3', 'Little,BrownBooksforYoungReaders.Bridgewater@yahoo.com', '64085542');
INSERT INTO publisher VALUES(10015, 'Harper Collins', '552 Fulton Dr.', 'HarperCollins.552@outlook.com', '81831263');
INSERT INTO publisher VALUES(10016, 'Disney Electronic Content', '97 Academy Road', 'DisneyElectronicContent.97@gmail.com', '35170707');
INSERT INTO publisher VALUES(10017, 'Doubleday Canada', '763 Glendale Ave.', 'DoubledayCanada.763@gmail.com', '16188073');
INSERT INTO publisher VALUES(10018, 'Dark Horse Comics (Single Issues)', 'Balmoral NB E8E 7B4', 'DarkHorseComics(SingleIssues).Balmoral@yahoo.com', '26836615');
INSERT INTO publisher VALUES(10019, 'Simon and Schuster', 'Saint-Franois QC H7B 1V2', 'SimonandSchuster.Saint-Franois@yahoo.com', '40837719');
INSERT INTO publisher VALUES(10020, 'Houghton Mifflin Harcourt', '54 Branch Drive', 'HoughtonMifflinHarcourt.54@outlook.com', '46897857');
INSERT INTO publisher VALUES(10021, 'Titan Comics', 'Selkirk MB R1A 9G4', 'TitanComics.Selkirk@gmail.com', '27304736');
INSERT INTO publisher VALUES(10022, 'Dial Press', 'Centreville NB E7K 2H2', 'DialPress.Centreville@gmail.com', '19330044');
INSERT INTO publisher VALUES(10023, 'Back Bay Books', 'Gananoque ON K7G 7Y5', 'BackBayBooks.Gananoque@yahoo.com', '60899330');
INSERT INTO publisher VALUES(10024, 'Crown', 'Similkameen BC V0X 9K2', 'Crown.Similkameen@gmail.com', '58308994');
INSERT INTO publisher VALUES(10025, 'Random House', '76 Lake View Rd.', 'RandomHouse.76@yahoo.com', '59669736');
INSERT INTO publisher VALUES(10026, 'Bloomsbury Publishing USA', 'Etobicoke ON M8V 9P6', 'BloomsburyPublishingUSA.Etobicoke@yahoo.com', '82080530');
INSERT INTO publisher VALUES(10027, 'Windblown Media', 'Cranbrook BC V1C 9V7', 'WindblownMedia.Cranbrook@yahoo.com', '52913684');
INSERT INTO publisher VALUES(10028, 'St. Martins Press', '7 Prospect Rd.', 'St.MartinsPress.7@yahoo.com', '17966342');
INSERT INTO publisher VALUES(10029, 'David Fickling Books', '892 West Harrison Court', 'DavidFicklingBooks.892@gmail.com', '92589380');
INSERT INTO publisher VALUES(10030, 'W. W. Norton & Company', '7 East Courtland Ave.', 'W.W.Norton&Company.7@gmail.com', '41101416');
INSERT INTO publisher VALUES(10031, 'McClelland & Stewart', '7175 Arlington Street', 'McClelland&Stewart.7175@yahoo.com', '95451485');
INSERT INTO publisher VALUES(10032, 'Bond Street Books', 'Saint-Flicien QC G8K 9L2', 'BondStreetBooks.Saint-Flicien@gmail.com', '92118305');
INSERT INTO publisher VALUES(10033, 'Ballantine Books', 'Balmoral NB E8E 7B4', 'BallantineBooks.Balmoral@outlook.com', '94625456');
INSERT INTO publisher VALUES(10034, 'Random House Canada', '51 Devon St.', 'RandomHouseCanada.51@outlook.com', '24659482');
INSERT INTO publisher VALUES(10035, 'Jessica Kingsley Publishers', '9714 Orchard Lane', 'JessicaKingsleyPublishers.9714@gmail.com', '73773477');
INSERT INTO inst_phone VALUES(10000, '178-229-4674');
INSERT INTO inst_phone VALUES(10001, '319-216-7620');
INSERT INTO inst_phone VALUES(10002, '565-318-4587');
INSERT INTO inst_phone VALUES(10003, '137-856-3460');
INSERT INTO inst_phone VALUES(10004, '149-928-7794');
INSERT INTO inst_phone VALUES(10005, '988-714-2039');
INSERT INTO inst_phone VALUES(10006, '903-787-6704');
INSERT INTO inst_phone VALUES(10007, '805-682-8029');
INSERT INTO inst_phone VALUES(10008, '911-547-9680');
INSERT INTO inst_phone VALUES(10009, '537-945-5708');
INSERT INTO inst_phone VALUES(10010, '516-884-4403');
INSERT INTO inst_phone VALUES(10011, '192-296-9436');
INSERT INTO inst_phone VALUES(10012, '158-521-2990');
INSERT INTO inst_phone VALUES(10013, '213-903-3571');
INSERT INTO inst_phone VALUES(10014, '651-724-6895');
INSERT INTO inst_phone VALUES(10015, '797-360-7766');
INSERT INTO inst_phone VALUES(10016, '690-995-4009');
INSERT INTO inst_phone VALUES(10017, '882-388-3480');
INSERT INTO inst_phone VALUES(10018, '379-774-6853');
INSERT INTO inst_phone VALUES(10019, '112-232-5591');
INSERT INTO inst_phone VALUES(10020, '235-565-9944');
INSERT INTO inst_phone VALUES(10021, '359-744-1597');
INSERT INTO inst_phone VALUES(10022, '680-283-4646');
INSERT INTO inst_phone VALUES(10023, '616-197-9679');
INSERT INTO inst_phone VALUES(10024, '201-272-5149');
INSERT INTO inst_phone VALUES(10025, '143-377-7613');
INSERT INTO inst_phone VALUES(10026, '388-857-1155');
INSERT INTO inst_phone VALUES(10027, '118-139-7075');
INSERT INTO inst_phone VALUES(10028, '928-542-9335');
INSERT INTO inst_phone VALUES(10029, '882-593-9055');
INSERT INTO inst_phone VALUES(10030, '906-346-9294');
INSERT INTO inst_phone VALUES(10031, '717-841-3291');
INSERT INTO inst_phone VALUES(10032, '279-596-8467');
INSERT INTO inst_phone VALUES(10033, '841-159-7302');
INSERT INTO inst_phone VALUES(10034, '378-177-4710');
INSERT INTO inst_phone VALUES(10035, '909-777-9082');
INSERT INTO author VALUES(50000, 'J.K. Rowling');
INSERT INTO author VALUES(50001, 'Suzanne Collins');
INSERT INTO author VALUES(50002, 'Khaled Hosseini');
INSERT INTO author VALUES(50003, 'Markus Zusak');
INSERT INTO author VALUES(50005, 'Kathryn Stockett');
INSERT INTO author VALUES(50006, 'Yann Martel');
INSERT INTO author VALUES(50007, 'Stieg Larsson');
INSERT INTO author VALUES(50008, 'Audrey Niffenegger');
INSERT INTO author VALUES(50009, 'John Green');
INSERT INTO author VALUES(50010, 'Dan Brown');
INSERT INTO author VALUES(50011, 'Cormac McCarthy');
INSERT INTO author VALUES(50012, 'Mark Haddon');
INSERT INTO author VALUES(50013, 'Simon Stephens');
INSERT INTO author VALUES(50014, 'Sara Gruen');
INSERT INTO author VALUES(50015, 'Jeffrey Eugenides');
INSERT INTO author VALUES(50016, 'Alice Sebold');
INSERT INTO author VALUES(50017, 'Stephenie Meyer');
INSERT INTO author VALUES(50018, 'Veronica Roth');
INSERT INTO author VALUES(50019, 'Rick Riordan');
INSERT INTO author VALUES(50020, 'Ian McEwan');
INSERT INTO author VALUES(50021, 'Carlos Ruiz Zafn');
INSERT INTO author VALUES(50022, 'Neil Gaiman');
INSERT INTO author VALUES(50023, 'P. Craig Russell');
INSERT INTO author VALUES(50024, 'Cassandra Clare');
INSERT INTO author VALUES(50025, 'Sue Monk Kidd');
INSERT INTO author VALUES(50026, 'Jeannette Walls');
INSERT INTO author VALUES(50027, 'Jonathan Safran Foer');
INSERT INTO author VALUES(50028, 'Jodi Picoult');
INSERT INTO author VALUES(50029, 'Kazuo Ishiguro');
INSERT INTO author VALUES(50030, 'Sylvain Runberg');
INSERT INTO author VALUES(50031, 'David Mitchell');
INSERT INTO author VALUES(50032, 'Mary Ann Shaffer');
INSERT INTO author VALUES(50033, 'Annie Barrows');
INSERT INTO author VALUES(50034, 'Elizabeth Gilbert');
INSERT INTO author VALUES(50035, 'Patrick Rothfuss');
INSERT INTO author VALUES(50036, 'Haruki Murakami');
INSERT INTO author VALUES(50037, 'Emma Donoghue');
INSERT INTO author VALUES(50038, 'Gillian Flynn');
INSERT INTO author VALUES(50039, 'Steven D. Levitt');
INSERT INTO author VALUES(50040, 'Stephen J. Dubner');
INSERT INTO author VALUES(50041, 'Jonathan Franzen');
INSERT INTO author VALUES(50042, 'Erin Morgenstern');
INSERT INTO author VALUES(50043, 'Junot Daz');
INSERT INTO author VALUES(50044, 'Erik Larson');
INSERT INTO author VALUES(50045, 'Diane Setterfield');
INSERT INTO author VALUES(50046, 'John Grogan');
INSERT INTO author VALUES(50047, 'Richelle Mead');
INSERT INTO author VALUES(50048, 'Ann Patchett');
INSERT INTO author VALUES(50049, 'Garth Stein');
INSERT INTO author VALUES(50050, 'Philippa Gregory');
INSERT INTO author VALUES(50051, 'Elizabeth Kostova');
INSERT INTO author VALUES(50052, 'Adib Khorram');
INSERT INTO author VALUES(50053, 'Bill Bryson');
INSERT INTO author VALUES(50054, 'Steven Parlato');
INSERT INTO author VALUES(50055, 'Margaret Atwood');
INSERT INTO author VALUES(50056, 'Lisa See');
INSERT INTO author VALUES(50057, 'Anthony Doerr');
INSERT INTO author VALUES(50058, 'Susanna Clarke');
INSERT INTO author VALUES(50059, 'Kim Edwards');
INSERT INTO author VALUES(50060, 'Laura Hillenbrand');
INSERT INTO author VALUES(50061, 'Christopher Moore');
INSERT INTO author VALUES(50062, 'Richard Dawkins');
INSERT INTO author VALUES(50063, 'Wm. Paul Young');
INSERT INTO author VALUES(50064, 'Greg Mortenson');
INSERT INTO author VALUES(50065, 'David Oliver Relin');
INSERT INTO author VALUES(50066, 'Tatiana de Rosnay');
INSERT INTO author VALUES(50067, 'Michael Pollan');
INSERT INTO author VALUES(50068, 'John Boyne');
INSERT INTO author VALUES(50069, 'Dave Eggers');
INSERT INTO author VALUES(50070, 'Malcolm Gladwell');
INSERT INTO author VALUES(50071, 'Nicole Krauss');
INSERT INTO author VALUES(50072, 'Aravind Adiga');
INSERT INTO author VALUES(50073, 'Marilynne Robinson');
INSERT INTO author VALUES(50074, 'Stephen King');
INSERT INTO author VALUES(50075, 'David Wroblewski');
INSERT INTO author VALUES(50076, 'Richard Russo');
INSERT INTO author VALUES(50077, 'Ernest Cline');
INSERT INTO author VALUES(50078, 'David Sedaris');
INSERT INTO author VALUES(50079, 'David McCullough');
INSERT INTO author VALUES(50080, 'Joan Didion');
INSERT INTO author VALUES(50081, 'James Frey');
INSERT INTO author VALUES(50082, 'Lynne Truss');
INSERT INTO author VALUES(50083, 'Christopher Hitchens');
INSERT INTO author VALUES(50084, 'Abraham Verghese');
INSERT INTO author VALUES(50085, 'Dan Cohn-Sherbok');
INSERT INTO author VALUES(50086, 'George Chryssides');
INSERT INTO author VALUES(50087, 'Usama Hasan');
INSERT INTO book VALUES('9781781100264', 'Harry Potter and the Deathly Hallows - Harry Potter, #7', 2015, 'Fiction', 784, 10.99, 0.01, 'http://books.google.com/books/content?id=gCtazG4ZXlQC&printsec=frontcover&img=1&zoom=1&edge=curl&source=gbs_api', 13, 100000, 10000, true);
INSERT INTO book VALUES('9780545229937', 'The Hunger Games - The Hunger Games, #1', 2009, 'Young Adult Fiction', 384, 13.99, 0.08, 'http://books.google.com/books/content?id=Yz8Fnw0PlEQC&printsec=frontcover&img=1&zoom=1&edge=curl&source=gbs_api', 34, 100000, 10001, true);
INSERT INTO book VALUES('9780307371553', 'The Kite Runner', 2009, 'Fiction', 400, 12.99, 0.01, 'http://books.google.com/books/content?id=dS-VxlwauxwC&printsec=frontcover&img=1&zoom=1&edge=curl&source=gbs_api', 10, 100000, 10002, true);
INSERT INTO book VALUES('9780307433848', 'The Book Thief', 2007, 'Young Adult Fiction', 592, 10.99, 0.01, 'http://books.google.com/books/content?id=veGXULZK6UAC&printsec=frontcover&img=1&zoom=1&edge=curl&source=gbs_api', 38, 100000, 10003, true);
INSERT INTO book VALUES('9780316369145', 'Harry Potter and the Half-Blood Prince - Harry Potter, #6', 2015, 'Self-Help', 320, 11.99, 0.01, 'http://books.google.com/books/content?id=mlGlBQAAQBAJ&printsec=frontcover&img=1&zoom=1&edge=curl&source=gbs_api', 49, 100000, 10004, true);
INSERT INTO book VALUES('4748380539', 'Harry Potter and the Order of the Phoenix - Harry Potter, #5', 2015, 'Fiction', 784, 10.99, 0.01, 'http://books.google.com/books/content?id=gCtazG4ZXlQC&printsec=frontcover&img=1&zoom=1&edge=curl&source=gbs_api', 40, 100000, 10000, true);
INSERT INTO book VALUES('9781440697661', 'The Help', 2009, 'Fiction', 544, 13.99, 0.01, 'http://books.google.com/books/content?id=5-KerGE_DV0C&printsec=frontcover&img=1&zoom=1&edge=curl&source=gbs_api', 45, 100000, 10005, true);
INSERT INTO book VALUES('9780143180654', 'A Thousand Splendid Suns', 2008, 'Fiction', 400, 13.99, 0.01, 'http://books.google.com/books/content?id=tYOr9n21B7oC&printsec=frontcover&img=1&zoom=1&edge=curl&source=gbs_api', 23, 100000, 10006, true);
INSERT INTO book VALUES('9780307371126', 'Life of Pi', 2009, 'Fiction', 480, 11.99, 0.01, 'http://books.google.com/books/content?id=s2o4_bOTrVEC&printsec=frontcover&img=1&zoom=1&edge=curl&source=gbs_api', 29, 100000, 10007, true);
INSERT INTO book VALUES('9780545227247', 'Catching Fire - The Hunger Games, #2', 2010, 'Young Adult Fiction', 400, 13.99, 0.08, 'http://books.google.com/books/content?id=FN5wMOZKTYMC&printsec=frontcover&img=1&zoom=1&edge=curl&source=gbs_api', 30, 100000, 10001, true);
INSERT INTO book VALUES('9780143177289', 'The Girl with the Dragon Tattoo - Millennium, #1', 2010, 'Fiction', 480, 11.99, 0.01, 'http://books.google.com/books/content?id=qYcJVplnx5cC&printsec=frontcover&img=1&zoom=1&edge=curl&source=gbs_api', 15, 100000, 10006, true);
INSERT INTO book VALUES('9780578889412', 'The Time Traveler''s Wife', 2021, 'Fiction', 424, 11.2, 0.01, 'http://books.google.com/books/content?id=iaMsEAAAQBAJ&printsec=frontcover&img=1&zoom=1&edge=curl&source=gbs_api', 11, 100000, 10008, true);
INSERT INTO book VALUES('9781101569184', 'The Fault in Our Stars', 2012, 'Young Adult Fiction', 336, 10.99, 0.01, 'http://books.google.com/books/content?id=UzqVUdEtLDwC&printsec=frontcover&img=1&zoom=1&edge=curl&source=gbs_api', 37, 100000, 10005, true);
INSERT INTO book VALUES('9780385542692', 'The Da Vinci Code - Robert Langdon, #2', 2017, 'Fiction', 480, 9.99, 0.01, 'http://books.google.com/books/content?id=Pz4YDQAAQBAJ&printsec=frontcover&img=1&zoom=1&edge=curl&source=gbs_api', 17, 100000, 10009, true);
INSERT INTO book VALUES('9780307267450', 'The Road', 2007, 'Fiction', 256, 13.99, 0.01, 'http://books.google.com/books/content?id=PfmjWho_zOAC&printsec=frontcover&img=1&zoom=1&edge=curl&source=gbs_api', 27, 100000, 10010, true);
INSERT INTO book VALUES('9781408183540', 'The Curious Incident of the Dog in the Night-Time', 2013, 'Drama', 144, 21.55, 0.17240000000000003, 'http://books.google.com/books/content?id=DjcQAgAAQBAJ&printsec=frontcover&img=1&zoom=1&edge=curl&source=gbs_api', 16, 100000, 10011, true);
INSERT INTO book VALUES('9781443406437', 'Water for Elephants', 2010, 'Fiction', 352, 11.99, 0.01, 'http://books.google.com/books/content?id=ivy5vSHXmQUC&printsec=frontcover&img=1&zoom=1&edge=curl&source=gbs_api', 25, 100000, 10012, true);
INSERT INTO book VALUES('9780545317801', 'Mockingjay - The Hunger Games, #3', 2010, 'Young Adult Fiction', 400, 13.99, 0.08, 'http://books.google.com/books/content?id=Iw_gHtk4ghYC&printsec=frontcover&img=1&zoom=1&edge=curl&source=gbs_api', 23, 100000, 10001, true);
INSERT INTO book VALUES('9780307401946', 'Middlesex', 2011, 'Fiction', 544, 11.99, 0.01, 'http://books.google.com/books/content?id=rUHHbYhlIxYC&printsec=frontcover&img=1&zoom=1&edge=curl&source=gbs_api', 29, 100000, 10007, true);
INSERT INTO book VALUES('9781786826701', 'The Lovely Bones', 2018, 'Fiction', 176, 17.95, 0.15919999999999998, 'http://books.google.com/books/content?id=w6H8DwAAQBAJ&printsec=frontcover&img=1&zoom=1&edge=curl&source=gbs_api', 38, 100000, 10013, true);
INSERT INTO book VALUES('9780316007443', 'Twilight - The Twilight Saga, #1', 2007, 'Young Adult Fiction', 544, 13.99, 0.01, 'http://books.google.com/books/content?id=ZfjzX7M8zt0C&printsec=frontcover&img=1&zoom=1&edge=curl&source=gbs_api', 48, 100000, 10014, true);
INSERT INTO book VALUES('9780062077011', 'Divergent - Divergent, #1', 2011, 'Young Adult Fiction', 576, 11.99, 0.01, 'http://books.google.com/books/content?id=nv9lZM_0RI4C&printsec=frontcover&img=1&zoom=1&edge=curl&source=gbs_api', 45, 100000, 10015, true);
INSERT INTO book VALUES('9781423131892', 'The Lightning Thief - Percy Jackson and the Olympians, #1', 2009, 'Juvenile Fiction', 400, 6.99, 0.01, 'http://books.google.com/books/content?id=FFTJDYx_ZiEC&printsec=frontcover&img=1&zoom=1&edge=curl&source=gbs_api', 41, 100000, 10016, true);
INSERT INTO book VALUES('9780307371492', 'Atonement', 2009, 'Fiction', 368, 12.99, 0.01, 'http://books.google.com/books/content?id=NKasHN-C2_4C&printsec=frontcover&img=1&zoom=1&edge=curl&source=gbs_api', 28, 100000, 10007, true);
INSERT INTO book VALUES('9780307373731', 'The Shadow of the Wind - The Cemetery of Forgotten Books, #1', 2009, 'Fiction', 544, 9.99, 0.01, 'http://books.google.com/books/content?id=PcKWuvhEc4QC&printsec=frontcover&img=1&zoom=1&edge=curl&source=gbs_api', 42, 100000, 10017, true);
INSERT INTO book VALUES('3841687293', 'American Gods - American Gods, #1', 2017, 'Comics & Graphic Novels', 31, 5.02, 0.01, 'http://books.google.com/books/content?id=TfR1DwAAQBAJ&printsec=frontcover&img=1&zoom=1&edge=curl&source=gbs_api', 28, 100000, 10018, true);
INSERT INTO book VALUES('9781416995753', 'City of Bones - The Mortal Instruments, #1', 2009, 'Young Adult Fiction', 512, 11.99, 0.01, 'http://books.google.com/books/content?id=UwH5IwTWH3EC&printsec=frontcover&img=1&zoom=1&edge=curl&source=gbs_api', 29, 100000, 10019, true);
INSERT INTO book VALUES('9781101010969', 'The Secret Life of Bees', 2003, 'Fiction', 352, 13.99, 0.01, 'http://books.google.com/books/content?id=00YpiHD-30MC&printsec=frontcover&img=1&zoom=1&edge=curl&source=gbs_api', 21, 100000, 10005, true);
INSERT INTO book VALUES('9781416550600', 'The Glass Castle', 2006, 'Biography & Autobiography', 304, 12.99, 0.01, 'http://books.google.com/books/content?id=auZXJuwLw8QC&printsec=frontcover&img=1&zoom=1&edge=curl&source=gbs_api', 22, 100000, 10019, true);
INSERT INTO book VALUES('0547416210', 'Extremely Loud & Incredibly Close', 2013, 'Fiction', 368, 17.99, 0.15999999999999998, 'http://books.google.com/books/content?id=mYeIEPcp-WAC&printsec=frontcover&img=1&zoom=1&edge=curl&source=gbs_api', 34, 100000, 10020, true);
INSERT INTO book VALUES('9780743412391', 'Angels & Demons - Robert Langdon, #1', 2005, 'Fiction', 448, 10.99, 0.01, 'http://books.google.com/books/content?id=K__fyN2gl9gC&printsec=frontcover&img=1&zoom=1&edge=curl&source=gbs_api', 36, 100000, 10019, true);
INSERT INTO book VALUES('9780743488815', 'My Sister''s Keeper', 2004, 'Fiction', 432, 18.99, 0.01, 'http://books.google.com/books/content?id=GlKHXH87nEsC&printsec=frontcover&img=1&zoom=1&edge=curl&source=gbs_api', 44, 100000, 10019, true);
INSERT INTO book VALUES('9780307371331', 'Never Let Me Go', 2009, 'Fiction', 304, 12.99, 0.01, 'http://books.google.com/books/content?id=OBwDg13MGkMC&printsec=frontcover&img=1&zoom=1&edge=curl&source=gbs_api', 43, 100000, 10007, true);
INSERT INTO book VALUES('9781785863769', 'The Girl Who Played with Fire - Millennium, #2', 2017, 'Comics & Graphic Novels', 67, 7.54, 0.01, 'http://books.google.com/books/content?id=M443DwAAQBAJ&printsec=frontcover&img=1&zoom=1&edge=curl&source=gbs_api', 17, 100000, 10021, true);
INSERT INTO book VALUES('9780307373571', 'Cloud Atlas', 2010, 'Fiction', 528, 11.99, 0.01, 'http://books.google.com/books/content?id=EoxXLiC0uAIC&printsec=frontcover&img=1&zoom=1&edge=curl&source=gbs_api', 49, 100000, 10007, true);
INSERT INTO book VALUES('9780440337973', 'The Guernsey Literary and Potato Peel Pie Society', 2008, 'Fiction', 288, 13.99, 0.01, 'http://books.google.com/books/content?id=eK0SnBnpkA8C&printsec=frontcover&img=1&zoom=1&edge=curl&source=gbs_api', 36, 100000, 10022, true);
INSERT INTO book VALUES('9780316032834', 'Breaking Dawn - The Twilight Saga, #4', 2008, 'Young Adult Fiction', 768, 11.99, 0.01, 'http://books.google.com/books/content?id=kcsqGna7fBIC&printsec=frontcover&img=1&zoom=1&edge=curl&source=gbs_api', 28, 100000, 10014, true);
INSERT INTO book VALUES('9780316128650', 'The Host - The Host, #1', 2010, 'Fiction', 624, 10.99, 0.01, 'http://books.google.com/books/content?id=50bgmKq-BQ0C&printsec=frontcover&img=1&zoom=1&edge=curl&source=gbs_api', 23, 100000, 10023, true);
INSERT INTO book VALUES('9780316008181', 'Eclipse - The Twilight Saga, #3', 2007, 'Young Adult Fiction', 640, 11.99, 0.01, 'http://books.google.com/books/content?id=lw99Oii9R90C&printsec=frontcover&img=1&zoom=1&edge=curl&source=gbs_api', 48, 100000, 10014, true);
INSERT INTO book VALUES('9780143177302', 'The Girl Who Kicked the Hornet''s Nest - Millennium, #3', 2010, 'Fiction', 576, 11.99, 0.01, 'http://books.google.com/books/content?id=1-uRAzGeU64C&printsec=frontcover&img=1&zoom=1&edge=curl&source=gbs_api', 13, 100000, 10006, true);
INSERT INTO book VALUES('9781101010914', 'Eat, Pray, Love: One Woman''s Search for Everything Across Italy, India and Indonesia', 2007, 'Biography & Autobiography', 352, 12.99, 0.01, 'http://books.google.com/books/content?id=EbquUB1D6B8C&printsec=frontcover&img=1&zoom=1&edge=curl&source=gbs_api', 45, 100000, 10005, true);
INSERT INTO book VALUES('9780316007726', 'New Moon - The Twilight Saga, #2', 2007, 'Young Adult Fiction', 608, 11.99, 0.01, 'http://books.google.com/books/content?id=07LTDdpMZfYC&printsec=frontcover&img=1&zoom=1&edge=curl&source=gbs_api', 32, 100000, 10014, true);
INSERT INTO book VALUES('9781101486405', 'The Name of the Wind - The Kingkiller Chronicle, #1', 2011, 'Fiction', 1120, 10.99, 0.01, 'http://books.google.com/books/content?id=dLo_GyEykjQC&printsec=frontcover&img=1&zoom=1&edge=curl&source=gbs_api', 11, 100000, 10005, true);
INSERT INTO book VALUES('9781400044818', 'Kafka on the Shore', 2005, 'Fiction', 448, 13.99, 0.01, 'http://books.google.com/books/content?id=ypQHO-JWFKgC&printsec=frontcover&img=1&zoom=1&edge=curl&source=gbs_api', 26, 100000, 10010, true);
INSERT INTO book VALUES('9781439158425', 'City of Glass - The Mortal Instruments, #3', 2009, 'Young Adult Fiction', 560, 11.99, 0.01, 'http://books.google.com/books/content?id=r63oLL3zwpsC&printsec=frontcover&img=1&zoom=1&edge=curl&source=gbs_api', 12, 100000, 10019, true);
INSERT INTO book VALUES('9780061972652', 'The Graveyard Book', 2009, 'Juvenile Fiction', 352, 9.99, 0.01, 'http://books.google.com/books/content?id=eu2z740u7QwC&printsec=frontcover&img=1&zoom=1&edge=curl&source=gbs_api', 47, 100000, 10015, true);
INSERT INTO book VALUES('9781786821775', 'Room', 2017, 'Drama', 96, 18.85, 0.17320000000000005, 'http://books.google.com/books/content?id=LaD8DwAAQBAJ&printsec=frontcover&img=1&zoom=1&edge=curl&source=gbs_api', 10, 100000, 10013, true);
INSERT INTO book VALUES('9780307588388', 'Gone Girl', 2012, 'Fiction', 432, 11.99, 0.01, 'http://books.google.com/books/content?id=L25K1tY5WyoC&printsec=frontcover&img=1&zoom=1&edge=curl&source=gbs_api', 46, 100000, 10024, true);
INSERT INTO book VALUES('9781439163849', 'City of Ashes - The Mortal Instruments, #2', 2009, 'Young Adult Fiction', 496, 11.99, 0.01, 'http://books.google.com/books/content?id=mwgpeq5PSgQC&printsec=frontcover&img=1&zoom=1&edge=curl&source=gbs_api', 13, 100000, 10019, true);
INSERT INTO book VALUES('9780061792809', 'Freakonomics: A Rogue Economist Explores the Hidden Side of Everything', 2010, 'Business & Economics', 336, 18.99, 0.01, 'http://books.google.com/books/content?id=66Dm4p1wxqUC&printsec=frontcover&img=1&zoom=1&edge=curl&source=gbs_api', 19, 100000, 10015, true);
INSERT INTO book VALUES('9781443432580', 'The Corrections', 2013, 'Fiction', 640, 11.99, 0.01, 'http://books.google.com/books/content?id=PU3fAAAAQBAJ&printsec=frontcover&img=1&zoom=1&edge=curl&source=gbs_api', 26, 100000, 10015, true);
INSERT INTO book VALUES('9780385671729', 'The Night Circus', 2011, 'Fiction', 400, 11.99, 0.01, 'http://books.google.com/books/content?id=RrGFuAP-Jd8C&printsec=frontcover&img=1&zoom=1&edge=curl&source=gbs_api', 33, 100000, 10017, true);
INSERT INTO book VALUES('9781101147306', 'The Brief Wondrous Life of Oscar Wao', 2007, 'Fiction', 352, 10.99, 0.01, 'http://books.google.com/books/content?id=_YVO217NhC0C&printsec=frontcover&img=1&zoom=1&edge=curl&source=gbs_api', 46, 100000, 10005, true);
INSERT INTO book VALUES('9781400076314', 'The Devil in the White City', 2004, 'History', 464, 13.99, 0.01, 'http://books.google.com/books/content?id=kJp22rZDOZQC&printsec=frontcover&img=1&zoom=1&edge=curl&source=gbs_api', 18, 100000, 10010, true);
INSERT INTO book VALUES('9780307371935', 'The Thirteenth Tale', 2009, 'Fiction', 416, 13.99, 0.01, 'http://books.google.com/books/content?id=VFRGwWaZkfQC&printsec=frontcover&img=1&zoom=1&edge=curl&source=gbs_api', 18, 100000, 10002, true);
INSERT INTO book VALUES('0061793558', 'Marley and Me: Life and Love With the World''s Worst Dog', 2009, 'Pets', 320, 11.99, 0.01, 'http://books.google.com/books/content?id=MKSjqd_1Pr4C&printsec=frontcover&img=1&zoom=1&edge=curl&source=gbs_api', 13, 100000, 10015, true);
INSERT INTO book VALUES('9781440678592', 'Vampire Academy - Vampire Academy, #1', 2007, 'Young Adult Fiction', 336, 10.99, 0.01, 'http://books.google.com/books/content?id=AHpEoxYiK9AC&printsec=frontcover&img=1&zoom=1&edge=curl&source=gbs_api', 20, 100000, 10005, true);
INSERT INTO book VALUES('9780061738883', 'Bel Canto', 2009, 'Fiction', 352, 11.99, 0.01, 'http://books.google.com/books/content?id=mDURpw3IjOIC&printsec=frontcover&img=1&zoom=1&edge=curl&source=gbs_api', 20, 100000, 10015, true);
INSERT INTO book VALUES('9780061738098', 'The Art of Racing in the Rain', 2009, 'Fiction', 336, 11.99, 0.01, 'http://books.google.com/books/content?id=s8zIH7dnYCsC&printsec=frontcover&img=1&zoom=1&edge=curl&source=gbs_api', 20, 100000, 10015, true);
INSERT INTO book VALUES('9780743233088', 'The Other Boleyn Girl - The Plantagenet and Tudor Novels, #9', 2004, 'Fiction', 672, 13.99, 0.01, 'http://books.google.com/books/content?id=hPmaiE1da_QC&printsec=frontcover&img=1&zoom=1&edge=curl&source=gbs_api', 31, 100000, 10019, true);
INSERT INTO book VALUES('9780307390530', 'No Country for Old Men', 2007, 'Fiction', 320, 13.99, 0.01, 'http://books.google.com/books/content?id=S6BJ94y1jnwC&printsec=frontcover&img=1&zoom=1&edge=curl&source=gbs_api', 36, 100000, 10010, true);
INSERT INTO book VALUES('075951383X', 'The Historian', 2005, 'Fiction', 656, 11.99, 0.01, 'http://books.google.com/books/content?id=qq_H8Td10AAC&printsec=frontcover&img=1&zoom=1&edge=curl&source=gbs_api', 38, 100000, 10004, true);
INSERT INTO book VALUES('9780525552987', 'The Complete Persepolis - Persepolis, #1-4', 2018, 'Young Adult Fiction', 300, 9.99, 0.01, 'http://books.google.com/books/content?id=NF5BDwAAQBAJ&printsec=frontcover&img=1&zoom=1&edge=curl&source=gbs_api', 21, 100000, 10005, true);
INSERT INTO book VALUES('9780385674508', 'A Short History of Nearly Everything', 2012, 'Science', 624, 14.99, 0.01, 'http://books.google.com/books/content?id=_CWlKRYLbIwC&printsec=frontcover&img=1&zoom=1&edge=curl&source=gbs_api', 17, 100000, 10002, true);
INSERT INTO book VALUES('9781440554582', 'The Namesake', 2012, 'Young Adult Fiction', 288, 16.99, 0.01, 'http://books.google.com/books/content?id=MBvsDQAAQBAJ&printsec=frontcover&img=1&zoom=1&edge=curl&source=gbs_api', 29, 100000, 10019, true);
INSERT INTO book VALUES('9780307400840', 'Oryx and Crake - MaddAddam, #1', 2010, 'Fiction', 416, 9.99, 0.01, 'http://books.google.com/books/content?id=1GeHO2uy1XQC&printsec=frontcover&img=1&zoom=1&edge=curl&source=gbs_api', 14, 100000, 10007, true);
INSERT INTO book VALUES('9780547523781', 'Everything Is Illuminated', 2013, 'Fiction', 288, 18.99, 0.174, 'http://books.google.com/books/content?id=uU3bxcl70CIC&printsec=frontcover&img=1&zoom=1&edge=curl&source=gbs_api', 29, 100000, 10020, true);
INSERT INTO book VALUES('1588364747', 'Snow Flower and the Secret Fan', 2005, 'Fiction', 272, 15.99, 0.01, 'http://books.google.com/books/content?id=SjNjTyG47vEC&printsec=frontcover&img=1&zoom=1&edge=curl&source=gbs_api', 33, 100000, 10025, true);
INSERT INTO book VALUES('9781476746609', 'All the Light We Cannot See', 2014, 'Fiction', 544, 13.99, 0.01, 'http://books.google.com/books/content?id=0cH0AAAAQBAJ&printsec=frontcover&img=1&zoom=1&edge=curl&source=gbs_api', 35, 100000, 10019, true);
INSERT INTO book VALUES('9781608195350', 'Jonathan Strange & Mr Norrell', 2010, 'Fiction', 800, 15.96, 0.1194, 'http://books.google.com/books/content?id=i_-bdQjbAZ8C&printsec=frontcover&img=1&zoom=1&edge=curl&source=gbs_api', 43, 100000, 10026, true);
INSERT INTO book VALUES('9781101010945', 'The Memory Keeper''s Daughter', 2006, 'Fiction', 448, 14.99, 0.01, 'http://books.google.com/books/content?id=9w0sM0dH9e0C&printsec=frontcover&img=1&zoom=1&edge=curl&source=gbs_api', 35, 100000, 10005, true);
INSERT INTO book VALUES('9780679603757', 'Unbroken: A World War II Story of Survival, Resilience and Redemption', 2010, 'Biography & Autobiography', 528, 11.99, 0.01, 'http://books.google.com/books/content?id=-kNK2cNXlEQC&printsec=frontcover&img=1&zoom=1&edge=curl&source=gbs_api', 15, 100000, 10025, true);
INSERT INTO book VALUES('9780061798238', 'Lamb: The Gospel According to Biff, Christ''s Childhood Pal', 2009, 'Fiction', 464, 11.99, 0.01, 'http://books.google.com/books/content?id=WbGDfPB2ugoC&printsec=frontcover&img=1&zoom=1&edge=curl&source=gbs_api', 14, 100000, 10015, true);
INSERT INTO book VALUES('9780547348667', 'The God Delusion', 2008, 'Religion', 416, 21.49, 0.17199999999999996, 'http://books.google.com/books/content?id=yq1xDpicghkC&printsec=frontcover&img=1&zoom=1&edge=curl&source=gbs_api', 49, 100000, 10020, true);
INSERT INTO book VALUES('9781455523047', 'The Shack', 2012, 'Religion', 384, 14.99, 0.01, 'http://books.google.com/books/content?id=S70eACcBxugC&printsec=frontcover&img=1&zoom=1&edge=curl&source=gbs_api', 40, 100000, 10027, true);
INSERT INTO book VALUES('9781101147085', 'Three Cups of Tea: One Man''s Mission to Promote Peace ... One School at a Time', 2006, 'History', 368, 12.99, 0.01, 'http://books.google.com/books/content?id=iIIgU-5_2UEC&printsec=frontcover&img=1&zoom=1&edge=curl&source=gbs_api', 49, 100000, 10005, true);
INSERT INTO book VALUES('1429985216', 'Sarah''s Key', 2007, 'Fiction', 304, 10.99, 0.01, 'http://books.google.com/books/content?id=HQwZYSf8x-8C&printsec=frontcover&img=1&zoom=1&edge=curl&source=gbs_api', 28, 100000, 10028, true);
INSERT INTO book VALUES('9781416538950', 'Nineteen Minutes', 2007, 'Fiction', 464, 13.99, 0.01, 'http://books.google.com/books/content?id=MSMxgQp2bMUC&printsec=frontcover&img=1&zoom=1&edge=curl&source=gbs_api', 43, 100000, 10019, true);
INSERT INTO book VALUES('9781101147177', 'The Omnivore''s Dilemma: A Natural History of Four Meals', 2006, 'Health & Fitness', 464, 15.99, 0.01, 'http://books.google.com/books/content?id=QZ1D4Q8uZuoC&printsec=frontcover&img=1&zoom=1&edge=curl&source=gbs_api', 41, 100000, 10005, true);
INSERT INTO book VALUES('9780307494238', 'The Boy in the Striped Pajamas', 2008, 'Young Adult Fiction', 240, 10.99, 0.01, 'http://books.google.com/books/content?id=p-2s2PWArTQC&printsec=frontcover&img=1&zoom=1&edge=curl&source=gbs_api', 36, 100000, 10029, true);
INSERT INTO book VALUES('9780307371379', 'What Is the What', 2009, 'Fiction', 560, 11.99, 0.01, 'http://books.google.com/books/content?id=3HDpzQhWIxAC&printsec=frontcover&img=1&zoom=1&edge=curl&source=gbs_api', 13, 100000, 10007, true);
INSERT INTO book VALUES('9780316005043', 'Blink: The Power of Thinking Without Thinking', 2007, 'Business & Economics', 320, 14.99, 0.01, 'http://books.google.com/books/content?id=VKGbb1hg8JAC&printsec=frontcover&img=1&zoom=1&edge=curl&source=gbs_api', 36, 100000, 10023, true);
INSERT INTO book VALUES('9780393342840', 'The History of Love', 2006, 'Fiction', 272, 17.5, 0.1502, 'http://books.google.com/books/content?id=N15cexxVFh8C&printsec=frontcover&img=1&zoom=1&edge=curl&source=gbs_api', 27, 100000, 10030, true);
INSERT INTO book VALUES('9781416562733', 'The White Tiger', 2008, 'Fiction', 304, 11.99, 0.01, 'http://books.google.com/books/content?id=m51E0wDM8JAC&printsec=frontcover&img=1&zoom=1&edge=curl&source=gbs_api', 48, 100000, 10019, true);
INSERT INTO book VALUES('9780698405875', 'Looking for Alaska', 2015, 'Young Adult Fiction', 368, 11.99, 0.01, 'http://books.google.com/books/content?id=oMXQBAAAQBAJ&printsec=frontcover&img=1&zoom=1&edge=curl&source=gbs_api', 34, 100000, 10005, true);
INSERT INTO book VALUES('9780771006043', 'Gilead', 2020, 'Fiction', 256, 11.99, 0.01, 'http://books.google.com/books/content?id=Nd_TDwAAQBAJ&printsec=frontcover&img=1&zoom=1&edge=curl&source=gbs_api', 28, 100000, 10031, true);
INSERT INTO book VALUES('1451627300', '11/22/63', 2011, 'Fiction', 864, 11.99, 0.01, 'http://books.google.com/books/content?id=MJNi0uU8kdoC&printsec=frontcover&img=1&zoom=1&edge=curl&source=gbs_api', 25, 100000, 10019, true);
INSERT INTO book VALUES('9780307371898', 'The Story of Edgar Sawtelle', 2009, 'Fiction', 576, 12.99, 0.01, 'http://books.google.com/books/content?id=LCC-6fnkzOIC&printsec=frontcover&img=1&zoom=1&edge=curl&source=gbs_api', 22, 100000, 10032, true);
INSERT INTO book VALUES('9780307809889', 'Empire Falls', 2011, 'Fiction', 496, 17.99, 0.01, 'http://books.google.com/books/content?id=x6eU4gwtnOEC&printsec=frontcover&img=1&zoom=1&edge=curl&source=gbs_api', 47, 100000, 10010, true);
INSERT INTO book VALUES('9780307887450', 'Ready Player One - Ready Player One, #1', 2011, 'Fiction', 384, 11.99, 0.01, 'http://books.google.com/books/content?id=FY_HWAcm10MC&printsec=frontcover&img=1&zoom=1&edge=curl&source=gbs_api', 24, 100000, 10033, true);
INSERT INTO book VALUES('9780759511217', 'Dress Your Family in Corduroy and Denim', 2004, 'Humor', 272, 13.99, 0.01, 'http://books.google.com/books/content?id=PoYKChoswe8C&printsec=frontcover&img=1&zoom=1&edge=curl&source=gbs_api', 28, 100000, 10004, true);
INSERT INTO book VALUES('0743218299', 'John Adams', 2001, 'Biography & Autobiography', 752, 14.99, 0.01, 'http://books.google.com/books/content?id=E9TOxypjZY4C&printsec=frontcover&img=1&zoom=1&edge=curl&source=gbs_api', 20, 100000, 10019, true);
INSERT INTO book VALUES('9780307498915', 'The Year of Magical Thinking', 2009, 'Drama', 80, 13.99, 0.01, 'http://books.google.com/books/content?id=wlCue0WltV4C&printsec=frontcover&img=1&zoom=1&edge=curl&source=gbs_api', 20, 100000, 10010, true);
INSERT INTO book VALUES('9781400079018', 'A Million Little Pieces', 2004, 'Biography & Autobiography', 448, 13.99, 0.01, 'http://books.google.com/books/content?id=3RD7Pv7dM5YC&printsec=frontcover&img=1&zoom=1&edge=curl&source=gbs_api', 15, 100000, 10009, true);
INSERT INTO book VALUES('9781101218297', 'Eats, Shoots & Leaves: The Zero Tolerance Approach to Punctuation', 2004, 'Language Arts & Disciplines', 240, 14.99, 0.01, 'http://books.google.com/books/content?id=e2ROR0qqFwwC&printsec=frontcover&img=1&zoom=1&edge=curl&source=gbs_api', 10, 100000, 10005, true);
INSERT INTO book VALUES('9781551991764', 'God Is Not Great: How Religion Poisons Everything', 2008, 'Philosophy', 320, 13.99, 0.01, 'http://books.google.com/books/content?id=8kgjU4wbM5oC&printsec=frontcover&img=1&zoom=1&edge=curl&source=gbs_api', 43, 100000, 10031, true);
INSERT INTO book VALUES('9780062114457', 'Insurgent - Divergent, #2', 2012, 'Young Adult Fiction', 592, 11.99, 0.01, 'http://books.google.com/books/content?id=BG3P0sFxnT4C&printsec=frontcover&img=1&zoom=1&edge=curl&source=gbs_api', 22, 100000, 10015, true);
INSERT INTO book VALUES('9780061794971', 'Anansi Boys - American Gods #2', 2009, 'Fiction', 448, 9.99, 0.01, 'http://books.google.com/books/content?id=NTKe4tS2dhgC&printsec=frontcover&img=1&zoom=1&edge=curl&source=gbs_api', 44, 100000, 10015, true);
INSERT INTO book VALUES('9780307372086', 'Cutting for Stone', 2009, 'Fiction', 560, 13.99, 0.01, 'http://books.google.com/books/content?id=7g0V6jddJxkC&printsec=frontcover&img=1&zoom=1&edge=curl&source=gbs_api', 17, 100000, 10034, true);
INSERT INTO book VALUES('9781784503666', 'People of the Book', 2018, 'Religion', 288, 34.17, 0.30760000000000004, 'http://books.google.com/books/content?id=0TRUDwAAQBAJ&printsec=frontcover&img=1&zoom=1&edge=curl&source=gbs_api', 35, 100000, 10035, true);
INSERT INTO written_by VALUES('9781781100264', 50000);
INSERT INTO written_by VALUES('9780545229937', 50001);
INSERT INTO written_by VALUES('9780307371553', 50002);
INSERT INTO written_by VALUES('9780307433848', 50003);
INSERT INTO written_by VALUES('9780316369145', 50000);
INSERT INTO written_by VALUES('4748380539', 50000);
INSERT INTO written_by VALUES('9781440697661', 50005);
INSERT INTO written_by VALUES('9780143180654', 50002);
INSERT INTO written_by VALUES('9780307371126', 50006);
INSERT INTO written_by VALUES('9780545227247', 50001);
INSERT INTO written_by VALUES('9780143177289', 50007);
INSERT INTO written_by VALUES('9780578889412', 50008);
INSERT INTO written_by VALUES('9781101569184', 50009);
INSERT INTO written_by VALUES('9780385542692', 50010);
INSERT INTO written_by VALUES('9780307267450', 50011);
INSERT INTO written_by VALUES('9781408183540', 50012);
INSERT INTO written_by VALUES('9781408183540', 50013);
INSERT INTO written_by VALUES('9781443406437', 50014);
INSERT INTO written_by VALUES('9780545317801', 50001);
INSERT INTO written_by VALUES('9780307401946', 50015);
INSERT INTO written_by VALUES('9781786826701', 50016);
INSERT INTO written_by VALUES('9780316007443', 50017);
INSERT INTO written_by VALUES('9780062077011', 50018);
INSERT INTO written_by VALUES('9781423131892', 50019);
INSERT INTO written_by VALUES('9780307371492', 50020);
INSERT INTO written_by VALUES('9780307373731', 50021);
INSERT INTO written_by VALUES('3841687293', 50022);
INSERT INTO written_by VALUES('3841687293', 50023);
INSERT INTO written_by VALUES('9781416995753', 50024);
INSERT INTO written_by VALUES('9781101010969', 50025);
INSERT INTO written_by VALUES('9781416550600', 50026);
INSERT INTO written_by VALUES('0547416210', 50027);
INSERT INTO written_by VALUES('9780743412391', 50010);
INSERT INTO written_by VALUES('9780743488815', 50028);
INSERT INTO written_by VALUES('9780307371331', 50029);
INSERT INTO written_by VALUES('9781785863769', 50030);
INSERT INTO written_by VALUES('9780307373571', 50031);
INSERT INTO written_by VALUES('9780440337973', 50032);
INSERT INTO written_by VALUES('9780440337973', 50033);
INSERT INTO written_by VALUES('9780316032834', 50017);
INSERT INTO written_by VALUES('9780316128650', 50017);
INSERT INTO written_by VALUES('9780316008181', 50017);
INSERT INTO written_by VALUES('9780143177302', 50007);
INSERT INTO written_by VALUES('9781101010914', 50034);
INSERT INTO written_by VALUES('9780316007726', 50017);
INSERT INTO written_by VALUES('9781101486405', 50035);
INSERT INTO written_by VALUES('9781400044818', 50036);
INSERT INTO written_by VALUES('9781439158425', 50024);
INSERT INTO written_by VALUES('9780061972652', 50022);
INSERT INTO written_by VALUES('9781786821775', 50037);
INSERT INTO written_by VALUES('9780307588388', 50038);
INSERT INTO written_by VALUES('9781439163849', 50024);
INSERT INTO written_by VALUES('9780061792809', 50039);
INSERT INTO written_by VALUES('9780061792809', 50040);
INSERT INTO written_by VALUES('9781443432580', 50041);
INSERT INTO written_by VALUES('9780385671729', 50042);
INSERT INTO written_by VALUES('9781101147306', 50043);
INSERT INTO written_by VALUES('9781400076314', 50044);
INSERT INTO written_by VALUES('9780307371935', 50045);
INSERT INTO written_by VALUES('0061793558', 50046);
INSERT INTO written_by VALUES('9781440678592', 50047);
INSERT INTO written_by VALUES('9780061738883', 50048);
INSERT INTO written_by VALUES('9780061738098', 50049);
INSERT INTO written_by VALUES('9780743233088', 50050);
INSERT INTO written_by VALUES('9780307390530', 50011);
INSERT INTO written_by VALUES('075951383X', 50051);
INSERT INTO written_by VALUES('9780525552987', 50052);
INSERT INTO written_by VALUES('9780385674508', 50053);
INSERT INTO written_by VALUES('9781440554582', 50054);
INSERT INTO written_by VALUES('9780307400840', 50055);
INSERT INTO written_by VALUES('9780547523781', 50027);
INSERT INTO written_by VALUES('1588364747', 50056);
INSERT INTO written_by VALUES('9781476746609', 50057);
INSERT INTO written_by VALUES('9781608195350', 50058);
INSERT INTO written_by VALUES('9781101010945', 50059);
INSERT INTO written_by VALUES('9780679603757', 50060);
INSERT INTO written_by VALUES('9780061798238', 50061);
INSERT INTO written_by VALUES('9780547348667', 50062);
INSERT INTO written_by VALUES('9781455523047', 50063);
INSERT INTO written_by VALUES('9781101147085', 50064);
INSERT INTO written_by VALUES('9781101147085', 50065);
INSERT INTO written_by VALUES('1429985216', 50066);
INSERT INTO written_by VALUES('9781416538950', 50028);
INSERT INTO written_by VALUES('9781101147177', 50067);
INSERT INTO written_by VALUES('9780307494238', 50068);
INSERT INTO written_by VALUES('9780307371379', 50069);
INSERT INTO written_by VALUES('9780316005043', 50070);
INSERT INTO written_by VALUES('9780393342840', 50071);
INSERT INTO written_by VALUES('9781416562733', 50072);
INSERT INTO written_by VALUES('9780698405875', 50009);
INSERT INTO written_by VALUES('9780771006043', 50073);
INSERT INTO written_by VALUES('1451627300', 50074);
INSERT INTO written_by VALUES('9780307371898', 50075);
INSERT INTO written_by VALUES('9780307809889', 50076);
INSERT INTO written_by VALUES('9780307887450', 50077);
INSERT INTO written_by VALUES('9780759511217', 50078);
INSERT INTO written_by VALUES('0743218299', 50079);
INSERT INTO written_by VALUES('9780307498915', 50080);
INSERT INTO written_by VALUES('9781400079018', 50081);
INSERT INTO written_by VALUES('9781101218297', 50082);
INSERT INTO written_by VALUES('9781551991764', 50083);
INSERT INTO written_by VALUES('9780062114457', 50018);
INSERT INTO written_by VALUES('9780061794971', 50022);
INSERT INTO written_by VALUES('9780307372086', 50084);
INSERT INTO written_by VALUES('9781784503666', 50085);
INSERT INTO written_by VALUES('9781784503666', 50086);
INSERT INTO written_by VALUES('9781784503666', 50087);
INSERT INTO cart VALUES(1);
INSERT INTO cart VALUES(2);
INSERT INTO cart VALUES(3);
INSERT INTO cart VALUES(4);
INSERT INTO cart VALUES(5);
INSERT INTO cart VALUES(6);
INSERT INTO cart VALUES(7);
INSERT INTO cart VALUES(8);
INSERT INTO cart VALUES(9);
INSERT INTO cart VALUES(10);
INSERT INTO cart VALUES(11);
INSERT INTO cart VALUES(12);
INSERT INTO cart VALUES(13);
INSERT INTO cart VALUES(14);
INSERT INTO cart VALUES(15);
INSERT INTO cart VALUES(16);
INSERT INTO cart VALUES(17);
INSERT INTO cart VALUES(18);
INSERT INTO cart VALUES(19);
INSERT INTO cart VALUES(20);
INSERT INTO cart VALUES(21);
INSERT INTO cart VALUES(22);
INSERT INTO cart VALUES(23);
INSERT INTO cart VALUES(24);
INSERT INTO cart VALUES(25);
INSERT INTO cart VALUES(26);
INSERT INTO cart VALUES(27);
INSERT INTO cart VALUES(28);
INSERT INTO cart VALUES(29);
INSERT INTO cart VALUES(30);
INSERT INTO cart VALUES(31);
INSERT INTO cart VALUES(32);
INSERT INTO cart VALUES(33);
INSERT INTO cart VALUES(34);
INSERT INTO cart VALUES(35);
INSERT INTO contains VALUES('9780316128650',1,3);
INSERT INTO contains VALUES('9780307433848',2,4);
INSERT INTO contains VALUES('9780307371935',2,4);
INSERT INTO contains VALUES('9780062077011',2,4);
INSERT INTO contains VALUES('9781551991764',3,4);
INSERT INTO contains VALUES('9781101010914',4,2);
INSERT INTO contains VALUES('9780743233088',4,3);
INSERT INTO contains VALUES('9780143177302',4,4);
INSERT INTO contains VALUES('1588364747',4,4);
INSERT INTO contains VALUES('9781101218297',5,4);
INSERT INTO contains VALUES('9780307588388',5,3);
INSERT INTO contains VALUES('9780545229937',5,4);
INSERT INTO contains VALUES('9781476746609',6,3);
INSERT INTO contains VALUES('9781101569184',7,2);
INSERT INTO contains VALUES('9780743233088',8,4);
INSERT INTO contains VALUES('9781416562733',8,2);
INSERT INTO contains VALUES('9781101147085',8,4);
INSERT INTO contains VALUES('9780547523781',8,4);
INSERT INTO contains VALUES('9780316007443',8,2);
INSERT INTO contains VALUES('9780698405875',9,1);
INSERT INTO contains VALUES('9780316007443',9,4);
INSERT INTO contains VALUES('9781608195350',9,3);
INSERT INTO contains VALUES('9781476746609',9,4);
INSERT INTO contains VALUES('9781455523047',10,4);
INSERT INTO contains VALUES('9780307401946',10,2);
INSERT INTO contains VALUES('9780061738098',10,3);
INSERT INTO contains VALUES('9780307400840',11,3);
INSERT INTO contains VALUES('9780316369145',12,3);
INSERT INTO contains VALUES('0743218299',12,4);
INSERT INTO contains VALUES('9781416550600',12,2);
INSERT INTO contains VALUES('9781440554582',13,1);
INSERT INTO contains VALUES('9780307372086',13,1);
INSERT INTO contains VALUES('0743218299',13,1);
INSERT INTO contains VALUES('9780698405875',13,1);
INSERT INTO contains VALUES('3841687293',13,4);
INSERT INTO contains VALUES('9781101010914',14,1);
INSERT INTO contains VALUES('9781400079018',14,1);
INSERT INTO contains VALUES('9780307433848',14,1);
INSERT INTO contains VALUES('0547416210',14,1);
INSERT INTO contains VALUES('9780143180654',15,1);
INSERT INTO contains VALUES('1429985216',15,3);
INSERT INTO contains VALUES('9781101569184',16,1);
INSERT INTO contains VALUES('9781423131892',16,3);
INSERT INTO contains VALUES('9780316007443',17,1);
INSERT INTO contains VALUES('9781551991764',17,3);
INSERT INTO contains VALUES('9780307267450',17,1);
INSERT INTO contains VALUES('9781785863769',17,3);
INSERT INTO contains VALUES('9780547523781',17,2);
INSERT INTO contains VALUES('0547416210',18,4);
INSERT INTO contains VALUES('9781416995753',18,1);
INSERT INTO contains VALUES('9781400076314',18,2);
INSERT INTO contains VALUES('9780316369145',18,2);
INSERT INTO contains VALUES('9780061972652',19,4);
INSERT INTO contains VALUES('9780545227247',19,3);
INSERT INTO contains VALUES('9781416538950',19,4);
INSERT INTO contains VALUES('9780307371331',19,1);
INSERT INTO contains VALUES('9780316007726',20,1);
INSERT INTO contains VALUES('9780385542692',20,3);
INSERT INTO contains VALUES('9781416995753',21,2);
INSERT INTO contains VALUES('9780578889412',21,3);
INSERT INTO contains VALUES('9780316032834',21,4);
INSERT INTO contains VALUES('9780307371126',21,3);
INSERT INTO contains VALUES('9780385674508',21,1);
INSERT INTO contains VALUES('9781784503666',22,1);
INSERT INTO contains VALUES('9780759511217',23,3);
INSERT INTO contains VALUES('9780698405875',23,4);
INSERT INTO contains VALUES('9780547348667',23,2);
INSERT INTO contains VALUES('9781785863769',23,2);
INSERT INTO contains VALUES('9780525552987',23,4);
INSERT INTO contains VALUES('9781408183540',24,1);
INSERT INTO contains VALUES('0743218299',25,4);
INSERT INTO contains VALUES('1451627300',25,1);
INSERT INTO contains VALUES('9780307400840',26,1);
INSERT INTO contains VALUES('3841687293',26,4);
INSERT INTO contains VALUES('9781101147085',26,1);
INSERT INTO contains VALUES('075951383X',27,3);
INSERT INTO contains VALUES('9780061738883',27,3);
INSERT INTO contains VALUES('9780316008181',27,1);
INSERT INTO contains VALUES('9780307887450',27,4);
INSERT INTO contains VALUES('9781781100264',28,4);
INSERT INTO contains VALUES('0061793558',28,1);
INSERT INTO contains VALUES('9780061738098',28,4);
INSERT INTO contains VALUES('9780307371553',28,2);
INSERT INTO contains VALUES('9780307498915',29,1);
INSERT INTO contains VALUES('9780307267450',29,1);
INSERT INTO contains VALUES('9781784503666',29,4);
INSERT INTO contains VALUES('0061793558',30,1);
INSERT INTO users VALUES(1, 31, 'esulu', 'pass', 'Eren Sulutas', 'eren@email.com', '123 Alexandria Way', false);
INSERT INTO users VALUES(2, 32, 'ben', '1234', 'ishappy', 'ben@email.com', '456 Admin Road', false);
INSERT INTO users VALUES(3, 33, 'josh', '1234', 'cl', 'josh@email.com', '763 Glendale Ave', false);
INSERT INTO users VALUES(4, 34, 'admin', 'admin', 'admin', 'admin@email.com', '456 Admin Road', true);
INSERT INTO users VALUES(5, 35, 'bbbb', '1234', 'BBB', 'BBB@email.com', '868 Poor House Street', false);
INSERT INTO shipping VALUES(1, 'Fedex','In Transit',100000);
INSERT INTO shipping VALUES(2, 'Fedex','Delivered',100000);
INSERT INTO shipping VALUES(3, 'Canada Post','Delivered',100000);
INSERT INTO shipping VALUES(4, 'Econofast Shipping','Delivered',100000);
INSERT INTO shipping VALUES(5, 'Fedex','Delivered',100000);
INSERT INTO shipping VALUES(6, 'USPS','In Transit',100000);
INSERT INTO shipping VALUES(7, 'Fedex','In Transit',100000);
INSERT INTO shipping VALUES(8, 'USPS','Received',100000);
INSERT INTO shipping VALUES(9, 'USPS','In Transit',100000);
INSERT INTO shipping VALUES(10, 'Fedex','In Transit',100000);
INSERT INTO shipping VALUES(11, 'Fedex','In Transit',100000);
INSERT INTO shipping VALUES(12, 'Fedex','Received',100000);
INSERT INTO shipping VALUES(13, 'Intact Courier','Delivered',100000);
INSERT INTO shipping VALUES(14, 'Econofast Shipping','Delivered',100000);
INSERT INTO shipping VALUES(15, 'Canada Post','Received',100000);
INSERT INTO shipping VALUES(16, 'Intact Courier','Delivered',100000);
INSERT INTO shipping VALUES(17, 'Econofast Shipping','In Transit',100000);
INSERT INTO shipping VALUES(18, 'Canada Post','Delivered',100000);
INSERT INTO shipping VALUES(19, 'Econofast Shipping','Delivered',100000);
INSERT INTO shipping VALUES(20, 'Fedex','In Transit',100000);
INSERT INTO shipping VALUES(21, 'Fedex','Delivered',100000);
INSERT INTO shipping VALUES(22, 'Canada Post','In Transit',100000);
INSERT INTO shipping VALUES(23, 'Fedex','In Transit',100000);
INSERT INTO shipping VALUES(24, 'USPS','In Transit',100000);
INSERT INTO shipping VALUES(25, 'Econofast Shipping','In Transit',100000);
INSERT INTO shipping VALUES(26, 'Canada Post','Received',100000);
INSERT INTO shipping VALUES(27, 'Intact Courier','Delivered',100000);
INSERT INTO shipping VALUES(28, 'USPS','In Transit',100000);
INSERT INTO shipping VALUES(29, 'USPS','Delivered',100000);
INSERT INTO shipping VALUES(30, 'Fedex','In Transit',100000);
INSERT INTO orders VALUES(1, '2021-11-09 19:16:16.308172', '86 Longbranch Road','53210947', 1,2,1);
INSERT INTO orders VALUES(2, '2021-11-04 19:16:16.308172', 'Balmoral NB E8E 7B4','82461436', 2,4,2);
INSERT INTO orders VALUES(3, '2021-11-23 19:16:16.308172', 'Big Bras dOr NS B1X 4N2','50039391', 3,3,3);
INSERT INTO orders VALUES(4, '2021-11-24 19:16:16.308172', '7 Prospect Rd.','36889074', 4,4,4);
INSERT INTO orders VALUES(5, '2021-11-22 19:16:16.308172', 'Similkameen BC V0X 9K2','76706464', 5,3,5);
INSERT INTO orders VALUES(6, '2021-11-12 19:16:16.308172', '509 Smith Street','94148137', 6,4,6);
INSERT INTO orders VALUES(7, '2021-11-08 19:16:16.308172', 'Elliot Lake ON P5A 8S0','97129554', 7,1,7);
INSERT INTO orders VALUES(8, '2021-10-21 19:16:16.308172', '7284 Golf Dr.','32182220', 8,2,8);
INSERT INTO orders VALUES(9, '2021-10-18 19:16:16.308172', '892 West Harrison Court','97420875', 9,1,9);
INSERT INTO orders VALUES(10, '2021-11-23 19:16:16.308172', 'Bridgewater NS B4V 8Y3','21690449', 10,4,10);
INSERT INTO orders VALUES(11, '2021-11-14 19:16:16.308172', 'Saint-Flicien QC G8K 9L2','42140831', 11,1,11);
INSERT INTO orders VALUES(12, '2021-12-06 19:16:16.308172', '51 Devon St.','72154143', 12,1,12);
INSERT INTO orders VALUES(13, '2021-11-23 19:16:16.308172', 'Bouctouche NB E4S 9N1','90275039', 13,1,13);
INSERT INTO orders VALUES(14, '2021-11-15 19:16:16.308172', 'Bradford ON L3Z 4T8','57180657', 14,3,14);
INSERT INTO orders VALUES(15, '2021-11-23 19:16:16.308172', '897 Lafayette Road','74879580', 15,3,15);
INSERT INTO orders VALUES(16, '2021-11-20 19:16:16.308172', '8462 Sycamore Ave.','35409210', 16,3,16);
INSERT INTO orders VALUES(17, '2021-12-02 19:16:16.308172', 'Stouffville ON L4A 2K5','15060126', 17,2,17);
INSERT INTO orders VALUES(18, '2021-11-23 19:16:16.308172', 'Cranbrook BC V1C 9V7','53028632', 18,3,18);
INSERT INTO orders VALUES(19, '2021-12-06 19:16:16.308172', 'Saint-Flicien QC G8K 9L2','88749174', 19,2,19);
INSERT INTO orders VALUES(20, '2021-11-20 19:16:16.308172', 'Gaspsie-Ouest QC G0J 3T5','35452955', 20,3,20);
INSERT INTO orders VALUES(21, '2021-11-20 19:16:16.308172', '762 Winchester St.','54381767', 21,3,21);
INSERT INTO orders VALUES(22, '2021-11-09 19:16:16.308172', 'Similkameen BC V0X 9K2','49915668', 22,2,22);
INSERT INTO orders VALUES(23, '2021-11-20 19:16:16.308172', '897 Lafayette Road','11053211', 23,5,23);
INSERT INTO orders VALUES(24, '2021-12-05 19:16:16.308172', '552 Fulton Dr.','42510831', 24,3,24);
INSERT INTO orders VALUES(25, '2021-11-25 19:16:16.308172', 'Bridgewater NS B4V 8Y3','98712846', 25,4,25);
INSERT INTO orders VALUES(26, '2021-10-12 19:16:16.308172', 'Nelson BC V1L 1J0','45315933', 26,2,26);
INSERT INTO orders VALUES(27, '2021-11-30 19:16:16.308172', 'Big Bras dOr NS B1X 4N2','39597305', 27,5,27);
INSERT INTO orders VALUES(28, '2021-10-16 19:16:16.308172', 'Boucherville QC J4B 6X3','12509129', 28,4,28);
INSERT INTO orders VALUES(29, '2021-11-01 19:16:16.308172', 'Amherstburg ON N9V 7A9','27190824', 29,5,29);
INSERT INTO orders VALUES(30, '2021-11-30 19:16:16.308172', 'Gananoque ON K7G 7Y5','69345886', 30,3,30);


-- FOR ALL AUTOINCREMENTS/GENERATED BY DEFAULT AS IDENTITY
-- If you insert directly into the table and do NOT use the default key
-- Then the next default value is incorrect and must be set again for the next default primary key
-- By doing this, we sync back the default key
SELECT SETVAL((SELECT PG_GET_SERIAL_SEQUENCE('"cart"', 'cart_id')), (SELECT (MAX("cart_id") + 1) FROM "cart"), FALSE);
SELECT SETVAL((SELECT PG_GET_SERIAL_SEQUENCE('"users"', 'user_id')), (SELECT (MAX("user_id") + 1) FROM "users"), FALSE);
SELECT SETVAL((SELECT PG_GET_SERIAL_SEQUENCE('"orders"', 'order_id')), (SELECT (MAX("order_id") + 1) FROM "orders"), FALSE);
SELECT SETVAL((SELECT PG_GET_SERIAL_SEQUENCE('"shipping"', 'shipping_id')), (SELECT (MAX("shipping_id") + 1) FROM "shipping"), FALSE);
SELECT SETVAL((SELECT PG_GET_SERIAL_SEQUENCE('"publisher"', 'publisher_id')), (SELECT (MAX("publisher_id") + 1) FROM "publisher"), FALSE);
SELECT SETVAL((SELECT PG_GET_SERIAL_SEQUENCE('"author"', 'author_id')), (SELECT (MAX("author_id") + 1) FROM "author"), FALSE);